,di_name,tri_name,di_smiles,tri_smiles,turbidity_binary,di_h_bond_acceptor_count,di_h_bond_donor_count,di_xlogp,di_tpsa,di_arom_group,tri_h_bond_acceptor_count,tri_h_bond_donor_count,tri_xlogp,tri_tpsa,tri_arom_group
0,Di1,TriA,O=Cc1cccc(C=O)c1,Nc1nc(N)nc(N)n1,0,2,0,1.2,34.1,1,6.0,3.0,-1.4,117.0,1
1,Di2,TriA,CC(C)(C)c1cc(C=O)c(O)c(C=O)c1,Nc1nc(N)nc(N)n1,0,3,1,2.7,54.4,1,6.0,3.0,-1.4,117.0,1
2,Di3,TriA,O=Cc1cc2sc(C=O)cc2s1,Nc1nc(N)nc(N)n1,0,4,0,2.3,90.6,2,6.0,3.0,-1.4,117.0,1
3,Di4,TriA,O=Cc1ccc(C=O)cc1,Nc1nc(N)nc(N)n1,0,2,0,0.9,34.1,1,6.0,3.0,-1.4,117.0,1
4,Di5,TriA,O=Cc1c(F)c(F)c(C=O)c(F)c1F,Nc1nc(N)nc(N)n1,0,6,0,1.2,34.1,1,6.0,3.0,-1.4,117.0,1
5,Di6,TriA,O=Cc1ccc(-c2ccc(C=O)cc2)cc1,Nc1nc(N)nc(N)n1,0,2,0,3.3,34.1,2,6.0,3.0,-1.4,117.0,1
6,Di7,TriA,O=Cc1c2ccccc2c(C=O)c2ccccc12,Nc1nc(N)nc(N)n1,0,2,0,3.3,34.1,3,6.0,3.0,-1.4,117.0,1
7,Di8,TriA,O=Cc1ccc2ccc3ccc(C=O)nc3c2n1,Nc1nc(N)nc(N)n1,0,4,0,2.0,59.9,3,6.0,3.0,-1.4,117.0,1
8,Di9,TriA,O=Cc1ccsc1C=O,Nc1nc(N)nc(N)n1,0,3,0,0.9,62.4,1,6.0,3.0,-1.4,117.0,1
9,Di10,TriA,O=Cc1ccccc1C=O,Nc1nc(N)nc(N)n1,0,2,0,1.2,34.1,1,6.0,3.0,-1.4,117.0,1
10,Di11,TriA,Cn1nc(-c2ccc(C=O)cc2)cc1C=O,Nc1nc(N)nc(N)n1,0,3,0,1.2,52.0,2,6.0,3.0,-1.4,117.0,1
11,Di12,TriA,CC(C=O)=Cc1ccc(C=C(C)C=O)cc1,Nc1nc(N)nc(N)n1,0,2,0,2.4,34.1,1,6.0,3.0,-1.4,117.0,1
12,Di13,TriA,COc1cc(C=O)ccc1OCCOc1ccc(C=O)cc1OC,Nc1nc(N)nc(N)n1,0,6,0,2.4,71.1,2,6.0,3.0,-1.4,117.0,1
13,Di14,TriA,Cn1nc2c(C=O)cccc2c1C=O,Nc1nc(N)nc(N)n1,0,3,0,0.8,52.0,2,6.0,3.0,-1.4,117.0,1
14,Di15,TriA,O=Cc1ccc(OCCCOc2ccc(C=O)cc2)cc1,Nc1nc(N)nc(N)n1,0,4,0,2.8,52.6,2,6.0,3.0,-1.4,117.0,1
15,Di16,TriA,CCCCC(CC)COc1cc(C=O)c(OC)cc1C=O,Nc1nc(N)nc(N)n1,0,4,0,3.9,52.6,1,6.0,3.0,-1.4,117.0,1
16,Di1,TriB,O=Cc1cccc(C=O)c1,Cc1c(CN)c(C)c(CN)c(C)c1CN,0,2,0,1.2,34.1,1,3.0,3.0,-0.4,78.1,1
17,Di2,TriB,CC(C)(C)c1cc(C=O)c(O)c(C=O)c1,Cc1c(CN)c(C)c(CN)c(C)c1CN,1,3,1,2.7,54.4,1,3.0,3.0,-0.4,78.1,1
18,Di3,TriB,O=Cc1cc2sc(C=O)cc2s1,Cc1c(CN)c(C)c(CN)c(C)c1CN,0,4,0,2.3,90.6,2,3.0,3.0,-0.4,78.1,1
19,Di4,TriB,O=Cc1ccc(C=O)cc1,Cc1c(CN)c(C)c(CN)c(C)c1CN,0,2,0,0.9,34.1,1,3.0,3.0,-0.4,78.1,1
20,Di5,TriB,O=Cc1c(F)c(F)c(C=O)c(F)c1F,Cc1c(CN)c(C)c(CN)c(C)c1CN,1,6,0,1.2,34.1,1,3.0,3.0,-0.4,78.1,1
21,Di6,TriB,O=Cc1ccc(-c2ccc(C=O)cc2)cc1,Cc1c(CN)c(C)c(CN)c(C)c1CN,1,2,0,3.3,34.1,2,3.0,3.0,-0.4,78.1,1
22,Di7,TriB,O=Cc1c2ccccc2c(C=O)c2ccccc12,Cc1c(CN)c(C)c(CN)c(C)c1CN,1,2,0,3.3,34.1,3,3.0,3.0,-0.4,78.1,1
23,Di8,TriB,O=Cc1ccc2ccc3ccc(C=O)nc3c2n1,Cc1c(CN)c(C)c(CN)c(C)c1CN,0,4,0,2.0,59.9,3,3.0,3.0,-0.4,78.1,1
24,Di9,TriB,O=Cc1ccsc1C=O,Cc1c(CN)c(C)c(CN)c(C)c1CN,0,3,0,0.9,62.4,1,3.0,3.0,-0.4,78.1,1
25,Di10,TriB,O=Cc1ccccc1C=O,Cc1c(CN)c(C)c(CN)c(C)c1CN,0,2,0,1.2,34.1,1,3.0,3.0,-0.4,78.1,1
26,Di11,TriB,Cn1nc(-c2ccc(C=O)cc2)cc1C=O,Cc1c(CN)c(C)c(CN)c(C)c1CN,0,3,0,1.2,52.0,2,3.0,3.0,-0.4,78.1,1
27,Di12,TriB,CC(C=O)=Cc1ccc(C=C(C)C=O)cc1,Cc1c(CN)c(C)c(CN)c(C)c1CN,0,2,0,2.4,34.1,1,3.0,3.0,-0.4,78.1,1
28,Di13,TriB,COc1cc(C=O)ccc1OCCOc1ccc(C=O)cc1OC,Cc1c(CN)c(C)c(CN)c(C)c1CN,1,6,0,2.4,71.1,2,3.0,3.0,-0.4,78.1,1
29,Di14,TriB,Cn1nc2c(C=O)cccc2c1C=O,Cc1c(CN)c(C)c(CN)c(C)c1CN,0,3,0,0.8,52.0,2,3.0,3.0,-0.4,78.1,1
30,Di15,TriB,O=Cc1ccc(OCCCOc2ccc(C=O)cc2)cc1,Cc1c(CN)c(C)c(CN)c(C)c1CN,1,4,0,2.8,52.6,2,3.0,3.0,-0.4,78.1,1
31,Di16,TriB,CCCCC(CC)COc1cc(C=O)c(OC)cc1C=O,Cc1c(CN)c(C)c(CN)c(C)c1CN,0,4,0,3.9,52.6,1,3.0,3.0,-0.4,78.1,1
32,Di1,TriC,O=Cc1cccc(C=O)c1,NCCN(CCN)CCN,1,2,0,1.2,34.1,1,4.0,3.0,-2.6,81.3,0
33,Di2,TriC,CC(C)(C)c1cc(C=O)c(O)c(C=O)c1,NCCN(CCN)CCN,1,3,1,2.7,54.4,1,4.0,3.0,-2.6,81.3,0
34,Di3,TriC,O=Cc1cc2sc(C=O)cc2s1,NCCN(CCN)CCN,0,4,0,2.3,90.6,2,4.0,3.0,-2.6,81.3,0
35,Di4,TriC,O=Cc1ccc(C=O)cc1,NCCN(CCN)CCN,1,2,0,0.9,34.1,1,4.0,3.0,-2.6,81.3,0
36,Di5,TriC,O=Cc1c(F)c(F)c(C=O)c(F)c1F,NCCN(CCN)CCN,1,6,0,1.2,34.1,1,4.0,3.0,-2.6,81.3,0
37,Di6,TriC,O=Cc1ccc(-c2ccc(C=O)cc2)cc1,NCCN(CCN)CCN,0,2,0,3.3,34.1,2,4.0,3.0,-2.6,81.3,0
38,Di7,TriC,O=Cc1c2ccccc2c(C=O)c2ccccc12,NCCN(CCN)CCN,0,2,0,3.3,34.1,3,4.0,3.0,-2.6,81.3,0
39,Di8,TriC,O=Cc1ccc2ccc3ccc(C=O)nc3c2n1,NCCN(CCN)CCN,0,4,0,2.0,59.9,3,4.0,3.0,-2.6,81.3,0
40,Di9,TriC,O=Cc1ccsc1C=O,NCCN(CCN)CCN,0,3,0,0.9,62.4,1,4.0,3.0,-2.6,81.3,0
41,Di10,TriC,O=Cc1ccccc1C=O,NCCN(CCN)CCN,0,2,0,1.2,34.1,1,4.0,3.0,-2.6,81.3,0
42,Di11,TriC,Cn1nc(-c2ccc(C=O)cc2)cc1C=O,NCCN(CCN)CCN,1,3,0,1.2,52.0,2,4.0,3.0,-2.6,81.3,0
43,Di12,TriC,CC(C=O)=Cc1ccc(C=C(C)C=O)cc1,NCCN(CCN)CCN,0,2,0,2.4,34.1,1,4.0,3.0,-2.6,81.3,0
44,Di13,TriC,COc1cc(C=O)ccc1OCCOc1ccc(C=O)cc1OC,NCCN(CCN)CCN,0,6,0,2.4,71.1,2,4.0,3.0,-2.6,81.3,0
45,Di14,TriC,Cn1nc2c(C=O)cccc2c1C=O,NCCN(CCN)CCN,0,3,0,0.8,52.0,2,4.0,3.0,-2.6,81.3,0
46,Di15,TriC,O=Cc1ccc(OCCCOc2ccc(C=O)cc2)cc1,NCCN(CCN)CCN,1,4,0,2.8,52.6,2,4.0,3.0,-2.6,81.3,0
47,Di16,TriC,CCCCC(CC)COc1cc(C=O)c(OC)cc1C=O,NCCN(CCN)CCN,0,4,0,3.9,52.6,1,4.0,3.0,-2.6,81.3,0
48,Di1,TriD,O=Cc1cccc(C=O)c1,CCc1c(CN)c(CC)c(CN)c(CC)c1CN,0,2,0,1.2,34.1,1,3.0,3.0,0.9,78.1,1
49,Di2,TriD,CC(C)(C)c1cc(C=O)c(O)c(C=O)c1,CCc1c(CN)c(CC)c(CN)c(CC)c1CN,1,3,1,2.7,54.4,1,3.0,3.0,0.9,78.1,1
50,Di3,TriD,O=Cc1cc2sc(C=O)cc2s1,CCc1c(CN)c(CC)c(CN)c(CC)c1CN,1,4,0,2.3,90.6,2,3.0,3.0,0.9,78.1,1
51,Di4,TriD,O=Cc1ccc(C=O)cc1,CCc1c(CN)c(CC)c(CN)c(CC)c1CN,0,2,0,0.9,34.1,1,3.0,3.0,0.9,78.1,1
52,Di5,TriD,O=Cc1c(F)c(F)c(C=O)c(F)c1F,CCc1c(CN)c(CC)c(CN)c(CC)c1CN,0,6,0,1.2,34.1,1,3.0,3.0,0.9,78.1,1
53,Di6,TriD,O=Cc1ccc(-c2ccc(C=O)cc2)cc1,CCc1c(CN)c(CC)c(CN)c(CC)c1CN,0,2,0,3.3,34.1,2,3.0,3.0,0.9,78.1,1
54,Di7,TriD,O=Cc1c2ccccc2c(C=O)c2ccccc12,CCc1c(CN)c(CC)c(CN)c(CC)c1CN,1,2,0,3.3,34.1,3,3.0,3.0,0.9,78.1,1
55,Di8,TriD,O=Cc1ccc2ccc3ccc(C=O)nc3c2n1,CCc1c(CN)c(CC)c(CN)c(CC)c1CN,0,4,0,2.0,59.9,3,3.0,3.0,0.9,78.1,1
56,Di9,TriD,O=Cc1ccsc1C=O,CCc1c(CN)c(CC)c(CN)c(CC)c1CN,0,3,0,0.9,62.4,1,3.0,3.0,0.9,78.1,1
57,Di10,TriD,O=Cc1ccccc1C=O,CCc1c(CN)c(CC)c(CN)c(CC)c1CN,0,2,0,1.2,34.1,1,3.0,3.0,0.9,78.1,1
58,Di11,TriD,Cn1nc(-c2ccc(C=O)cc2)cc1C=O,CCc1c(CN)c(CC)c(CN)c(CC)c1CN,1,3,0,1.2,52.0,2,3.0,3.0,0.9,78.1,1
59,Di12,TriD,CC(C=O)=Cc1ccc(C=C(C)C=O)cc1,CCc1c(CN)c(CC)c(CN)c(CC)c1CN,0,2,0,2.4,34.1,1,3.0,3.0,0.9,78.1,1
60,Di13,TriD,COc1cc(C=O)ccc1OCCOc1ccc(C=O)cc1OC,CCc1c(CN)c(CC)c(CN)c(CC)c1CN,1,6,0,2.4,71.1,2,3.0,3.0,0.9,78.1,1
61,Di14,TriD,Cn1nc2c(C=O)cccc2c1C=O,CCc1c(CN)c(CC)c(CN)c(CC)c1CN,0,3,0,0.8,52.0,2,3.0,3.0,0.9,78.1,1
62,Di15,TriD,O=Cc1ccc(OCCCOc2ccc(C=O)cc2)cc1,CCc1c(CN)c(CC)c(CN)c(CC)c1CN,1,4,0,2.8,52.6,2,3.0,3.0,0.9,78.1,1
63,Di16,TriD,CCCCC(CC)COc1cc(C=O)c(OC)cc1C=O,CCc1c(CN)c(CC)c(CN)c(CC)c1CN,0,4,0,3.9,52.6,1,3.0,3.0,0.9,78.1,1
64,Di1,TriE,O=Cc1cccc(C=O)c1,NCCCN(CCCN)CCCN,0,2,0,1.2,34.1,1,4.0,3.0,-1.5,81.3,0
65,Di2,TriE,CC(C)(C)c1cc(C=O)c(O)c(C=O)c1,NCCCN(CCCN)CCCN,0,3,1,2.7,54.4,1,4.0,3.0,-1.5,81.3,0
66,Di3,TriE,O=Cc1cc2sc(C=O)cc2s1,NCCCN(CCCN)CCCN,0,4,0,2.3,90.6,2,4.0,3.0,-1.5,81.3,0
67,Di4,TriE,O=Cc1ccc(C=O)cc1,NCCCN(CCCN)CCCN,0,2,0,0.9,34.1,1,4.0,3.0,-1.5,81.3,0
68,Di5,TriE,O=Cc1c(F)c(F)c(C=O)c(F)c1F,NCCCN(CCCN)CCCN,0,6,0,1.2,34.1,1,4.0,3.0,-1.5,81.3,0
69,Di6,TriE,O=Cc1ccc(-c2ccc(C=O)cc2)cc1,NCCCN(CCCN)CCCN,1,2,0,3.3,34.1,2,4.0,3.0,-1.5,81.3,0
70,Di7,TriE,O=Cc1c2ccccc2c(C=O)c2ccccc12,NCCCN(CCCN)CCCN,0,2,0,3.3,34.1,3,4.0,3.0,-1.5,81.3,0
71,Di8,TriE,O=Cc1ccc2ccc3ccc(C=O)nc3c2n1,NCCCN(CCCN)CCCN,0,4,0,2.0,59.9,3,4.0,3.0,-1.5,81.3,0
72,Di9,TriE,O=Cc1ccsc1C=O,NCCCN(CCCN)CCCN,1,3,0,0.9,62.4,1,4.0,3.0,-1.5,81.3,0
73,Di10,TriE,O=Cc1ccccc1C=O,NCCCN(CCCN)CCCN,0,2,0,1.2,34.1,1,4.0,3.0,-1.5,81.3,0
74,Di11,TriE,Cn1nc(-c2ccc(C=O)cc2)cc1C=O,NCCCN(CCCN)CCCN,0,3,0,1.2,52.0,2,4.0,3.0,-1.5,81.3,0
75,Di12,TriE,CC(C=O)=Cc1ccc(C=C(C)C=O)cc1,NCCCN(CCCN)CCCN,0,2,0,2.4,34.1,1,4.0,3.0,-1.5,81.3,0
76,Di13,TriE,COc1cc(C=O)ccc1OCCOc1ccc(C=O)cc1OC,NCCCN(CCCN)CCCN,0,6,0,2.4,71.1,2,4.0,3.0,-1.5,81.3,0
77,Di14,TriE,Cn1nc2c(C=O)cccc2c1C=O,NCCCN(CCCN)CCCN,0,3,0,0.8,52.0,2,4.0,3.0,-1.5,81.3,0
78,Di15,TriE,O=Cc1ccc(OCCCOc2ccc(C=O)cc2)cc1,NCCCN(CCCN)CCCN,1,4,0,2.8,52.6,2,4.0,3.0,-1.5,81.3,0
79,Di16,TriE,CCCCC(CC)COc1cc(C=O)c(OC)cc1C=O,NCCCN(CCCN)CCCN,0,4,0,3.9,52.6,1,4.0,3.0,-1.5,81.3,0
80,Di1,TriF,O=Cc1cccc(C=O)c1,NC1CC(N)CC(N)C1,0,2,0,1.2,34.1,1,3.0,3.0,-1.6,78.1,0
81,Di2,TriF,CC(C)(C)c1cc(C=O)c(O)c(C=O)c1,NC1CC(N)CC(N)C1,0,3,1,2.7,54.4,1,3.0,3.0,-1.6,78.1,0
82,Di3,TriF,O=Cc1cc2sc(C=O)cc2s1,NC1CC(N)CC(N)C1,0,4,0,2.3,90.6,2,3.0,3.0,-1.6,78.1,0
83,Di4,TriF,O=Cc1ccc(C=O)cc1,NC1CC(N)CC(N)C1,0,2,0,0.9,34.1,1,3.0,3.0,-1.6,78.1,0
84,Di5,TriF,O=Cc1c(F)c(F)c(C=O)c(F)c1F,NC1CC(N)CC(N)C1,0,6,0,1.2,34.1,1,3.0,3.0,-1.6,78.1,0
85,Di6,TriF,O=Cc1ccc(-c2ccc(C=O)cc2)cc1,NC1CC(N)CC(N)C1,0,2,0,3.3,34.1,2,3.0,3.0,-1.6,78.1,0
86,Di7,TriF,O=Cc1c2ccccc2c(C=O)c2ccccc12,NC1CC(N)CC(N)C1,0,2,0,3.3,34.1,3,3.0,3.0,-1.6,78.1,0
87,Di8,TriF,O=Cc1ccc2ccc3ccc(C=O)nc3c2n1,NC1CC(N)CC(N)C1,0,4,0,2.0,59.9,3,3.0,3.0,-1.6,78.1,0
88,Di9,TriF,O=Cc1ccsc1C=O,NC1CC(N)CC(N)C1,0,3,0,0.9,62.4,1,3.0,3.0,-1.6,78.1,0
89,Di10,TriF,O=Cc1ccccc1C=O,NC1CC(N)CC(N)C1,0,2,0,1.2,34.1,1,3.0,3.0,-1.6,78.1,0
90,Di11,TriF,Cn1nc(-c2ccc(C=O)cc2)cc1C=O,NC1CC(N)CC(N)C1,0,3,0,1.2,52.0,2,3.0,3.0,-1.6,78.1,0
91,Di12,TriF,CC(C=O)=Cc1ccc(C=C(C)C=O)cc1,NC1CC(N)CC(N)C1,0,2,0,2.4,34.1,1,3.0,3.0,-1.6,78.1,0
92,Di13,TriF,COc1cc(C=O)ccc1OCCOc1ccc(C=O)cc1OC,NC1CC(N)CC(N)C1,0,6,0,2.4,71.1,2,3.0,3.0,-1.6,78.1,0
93,Di14,TriF,Cn1nc2c(C=O)cccc2c1C=O,NC1CC(N)CC(N)C1,0,3,0,0.8,52.0,2,3.0,3.0,-1.6,78.1,0
94,Di15,TriF,O=Cc1ccc(OCCCOc2ccc(C=O)cc2)cc1,NC1CC(N)CC(N)C1,0,4,0,2.8,52.6,2,3.0,3.0,-1.6,78.1,0
95,Di16,TriF,CCCCC(CC)COc1cc(C=O)c(OC)cc1C=O,NC1CC(N)CC(N)C1,0,4,0,3.9,52.6,1,3.0,3.0,-1.6,78.1,0
96,Di17,TriG,NCCN,O=Cc1cc(C=O)cc(C=O)c1,0,2,2,-2.0,52.0,0,3.0,0.0,0.3,51.2,1
97,Di18,TriG,CC(C)(CN)CN,O=Cc1cc(C=O)cc(C=O)c1,1,2,2,-0.5,52.0,0,3.0,0.0,0.3,51.2,1
98,Di19,TriG,N[C@H]1CN(Cc2ccccc2)C[C@@H]1N,O=Cc1cc(C=O)cc(C=O)c1,0,3,2,-0.2,55.3,1,3.0,0.0,0.3,51.2,1
99,Di20,TriG,N[C@H]([C@H](C1=CC=CC=C1)N)C2=CC=CC=C2,O=Cc1cc(C=O)cc(C=O)c1,1,2,2,1.4,52.0,2,3.0,0.0,0.3,51.2,1
100,Di21,TriG,Nc1ccc(Oc2ccc(N)cc2)cc1,O=Cc1cc(C=O)cc(C=O)c1,0,3,2,1.4,61.3,2,3.0,0.0,0.3,51.2,1
101,Di22,TriG,NC1=NON=C1N,O=Cc1cc(C=O)cc(C=O)c1,0,5,2,-0.5,91.0,1,3.0,0.0,0.3,51.2,1
102,Di23,TriG,N[C@H]1CCC[C@H](C1)N,O=Cc1cc(C=O)cc(C=O)c1,0,2,2,-0.3,52.0,0,3.0,0.0,0.3,51.2,1
103,Di24,TriG,N[C@@H]1[C@H](CCCC1)N,O=Cc1cc(C=O)cc(C=O)c1,0,2,2,-0.3,52.0,0,3.0,0.0,0.3,51.2,1
104,Di25,TriG,NCCCCCCNCCCCCCN,O=Cc1cc(C=O)cc(C=O)c1,1,3,3,0.8,64.1,0,3.0,0.0,0.3,51.2,1
105,Di26,TriG,NCCCCCCN,O=Cc1cc(C=O)cc(C=O)c1,1,2,2,-0.2,52.0,0,3.0,0.0,0.3,51.2,1
106,Di27,TriG,NCc1ccc(CN)cc1,O=Cc1cc(C=O)cc(C=O)c1,1,2,2,-0.4,52.0,1,3.0,0.0,0.3,51.2,1
107,Di28,TriG,NCC1CCC(CN)CC1,O=Cc1cc(C=O)cc(C=O)c1,0,2,2,0.1,52.0,0,3.0,0.0,0.3,51.2,1
108,Di29,TriG,CN(CCCN)CCCN,O=Cc1cc(C=O)cc(C=O)c1,1,3,2,-0.9,55.3,0,3.0,0.0,0.3,51.2,1
109,Di30,TriG,NCCOCCN,O=Cc1cc(C=O)cc(C=O)c1,1,3,2,-1.8,61.3,0,3.0,0.0,0.3,51.2,1
110,Di31,TriG,NCC1=CC(CN)=CC=C1,O=Cc1cc(C=O)cc(C=O)c1,1,2,2,-0.3,52.0,1,3.0,0.0,0.3,51.2,1
111,Di32,TriG,NCC(CN)O,O=Cc1cc(C=O)cc(C=O)c1,1,3,3,-2.3,72.3,0,3.0,0.0,0.3,51.2,1
112,Di33,TriG,NCCCC[C@H](N)C(=O)O,O=Cc1cc(C=O)cc(C=O)c1,1,4,3,-3.0,89.3,0,3.0,0.0,0.3,51.2,1
113,Di34,TriG,N[C@H]1CC[C@H](N)CC1,O=Cc1cc(C=O)cc(C=O)c1,1,2,2,-0.3,52.0,0,3.0,0.0,0.3,51.2,1
114,Di17,TriH,NCCN,O=Cc1ccc(-c2cc(-c3ccc(C=O)cc3)cc(-c3ccc(C=O)cc3)c2)cc1,0,2,2,-2.0,52.0,0,3.0,0.0,5.2,51.2,4
115,Di18,TriH,CC(C)(CN)CN,O=Cc1ccc(-c2cc(-c3ccc(C=O)cc3)cc(-c3ccc(C=O)cc3)c2)cc1,0,2,2,-0.5,52.0,0,3.0,0.0,5.2,51.2,4
116,Di19,TriH,N[C@H]1CN(Cc2ccccc2)C[C@@H]1N,O=Cc1ccc(-c2cc(-c3ccc(C=O)cc3)cc(-c3ccc(C=O)cc3)c2)cc1,0,3,2,-0.2,55.3,1,3.0,0.0,5.2,51.2,4
117,Di20,TriH,N[C@H]([C@H](C1=CC=CC=C1)N)C2=CC=CC=C2,O=Cc1ccc(-c2cc(-c3ccc(C=O)cc3)cc(-c3ccc(C=O)cc3)c2)cc1,0,2,2,1.4,52.0,2,3.0,0.0,5.2,51.2,4
118,Di21,TriH,Nc1ccc(Oc2ccc(N)cc2)cc1,O=Cc1ccc(-c2cc(-c3ccc(C=O)cc3)cc(-c3ccc(C=O)cc3)c2)cc1,0,3,2,1.4,61.3,2,3.0,0.0,5.2,51.2,4
119,Di22,TriH,NC1=NON=C1N,O=Cc1ccc(-c2cc(-c3ccc(C=O)cc3)cc(-c3ccc(C=O)cc3)c2)cc1,0,5,2,-0.5,91.0,1,3.0,0.0,5.2,51.2,4
120,Di23,TriH,N[C@H]1CCC[C@H](C1)N,O=Cc1ccc(-c2cc(-c3ccc(C=O)cc3)cc(-c3ccc(C=O)cc3)c2)cc1,0,2,2,-0.3,52.0,0,3.0,0.0,5.2,51.2,4
121,Di24,TriH,N[C@@H]1[C@H](CCCC1)N,O=Cc1ccc(-c2cc(-c3ccc(C=O)cc3)cc(-c3ccc(C=O)cc3)c2)cc1,0,2,2,-0.3,52.0,0,3.0,0.0,5.2,51.2,4
122,Di25,TriH,NCCCCCCNCCCCCCN,O=Cc1ccc(-c2cc(-c3ccc(C=O)cc3)cc(-c3ccc(C=O)cc3)c2)cc1,1,3,3,0.8,64.1,0,3.0,0.0,5.2,51.2,4
123,Di26,TriH,NCCCCCCN,O=Cc1ccc(-c2cc(-c3ccc(C=O)cc3)cc(-c3ccc(C=O)cc3)c2)cc1,1,2,2,-0.2,52.0,0,3.0,0.0,5.2,51.2,4
124,Di27,TriH,NCc1ccc(CN)cc1,O=Cc1ccc(-c2cc(-c3ccc(C=O)cc3)cc(-c3ccc(C=O)cc3)c2)cc1,1,2,2,-0.4,52.0,1,3.0,0.0,5.2,51.2,4
125,Di28,TriH,NCC1CCC(CN)CC1,O=Cc1ccc(-c2cc(-c3ccc(C=O)cc3)cc(-c3ccc(C=O)cc3)c2)cc1,1,2,2,0.1,52.0,0,3.0,0.0,5.2,51.2,4
126,Di29,TriH,CN(CCCN)CCCN,O=Cc1ccc(-c2cc(-c3ccc(C=O)cc3)cc(-c3ccc(C=O)cc3)c2)cc1,1,3,2,-0.9,55.3,0,3.0,0.0,5.2,51.2,4
127,Di30,TriH,NCCOCCN,O=Cc1ccc(-c2cc(-c3ccc(C=O)cc3)cc(-c3ccc(C=O)cc3)c2)cc1,1,3,2,-1.8,61.3,0,3.0,0.0,5.2,51.2,4
128,Di31,TriH,NCC1=CC(CN)=CC=C1,O=Cc1ccc(-c2cc(-c3ccc(C=O)cc3)cc(-c3ccc(C=O)cc3)c2)cc1,1,2,2,-0.3,52.0,1,3.0,0.0,5.2,51.2,4
129,Di32,TriH,NCC(CN)O,O=Cc1ccc(-c2cc(-c3ccc(C=O)cc3)cc(-c3ccc(C=O)cc3)c2)cc1,1,3,3,-2.3,72.3,0,3.0,0.0,5.2,51.2,4
130,Di33,TriH,NCCCC[C@H](N)C(=O)O,O=Cc1ccc(-c2cc(-c3ccc(C=O)cc3)cc(-c3ccc(C=O)cc3)c2)cc1,1,4,3,-3.0,89.3,0,3.0,0.0,5.2,51.2,4
131,Di34,TriH,N[C@H]1CC[C@H](N)CC1,O=Cc1ccc(-c2cc(-c3ccc(C=O)cc3)cc(-c3ccc(C=O)cc3)c2)cc1,1,2,2,-0.3,52.0,0,3.0,0.0,5.2,51.2,4
132,Di17,TriI,NCCN,O=Cc1cc(C=O)c(O)c(C=O)c1,0,2,2,-2.0,52.0,0,4.0,1.0,0.5,71.4,1
133,Di18,TriI,CC(C)(CN)CN,O=Cc1cc(C=O)c(O)c(C=O)c1,0,2,2,-0.5,52.0,0,4.0,1.0,0.5,71.4,1
134,Di19,TriI,N[C@H]1CN(Cc2ccccc2)C[C@@H]1N,O=Cc1cc(C=O)c(O)c(C=O)c1,0,3,2,-0.2,55.3,1,4.0,1.0,0.5,71.4,1
135,Di20,TriI,N[C@H]([C@H](C1=CC=CC=C1)N)C2=CC=CC=C2,O=Cc1cc(C=O)c(O)c(C=O)c1,0,2,2,1.4,52.0,2,4.0,1.0,0.5,71.4,1
136,Di21,TriI,Nc1ccc(Oc2ccc(N)cc2)cc1,O=Cc1cc(C=O)c(O)c(C=O)c1,0,3,2,1.4,61.3,2,4.0,1.0,0.5,71.4,1
137,Di22,TriI,NC1=NON=C1N,O=Cc1cc(C=O)c(O)c(C=O)c1,0,5,2,-0.5,91.0,1,4.0,1.0,0.5,71.4,1
138,Di23,TriI,N[C@H]1CCC[C@H](C1)N,O=Cc1cc(C=O)c(O)c(C=O)c1,0,2,2,-0.3,52.0,0,4.0,1.0,0.5,71.4,1
139,Di24,TriI,N[C@@H]1[C@H](CCCC1)N,O=Cc1cc(C=O)c(O)c(C=O)c1,0,2,2,-0.3,52.0,0,4.0,1.0,0.5,71.4,1
140,Di25,TriI,NCCCCCCNCCCCCCN,O=Cc1cc(C=O)c(O)c(C=O)c1,1,3,3,0.8,64.1,0,4.0,1.0,0.5,71.4,1
141,Di26,TriI,NCCCCCCN,O=Cc1cc(C=O)c(O)c(C=O)c1,1,2,2,-0.2,52.0,0,4.0,1.0,0.5,71.4,1
142,Di27,TriI,NCc1ccc(CN)cc1,O=Cc1cc(C=O)c(O)c(C=O)c1,1,2,2,-0.4,52.0,1,4.0,1.0,0.5,71.4,1
143,Di28,TriI,NCC1CCC(CN)CC1,O=Cc1cc(C=O)c(O)c(C=O)c1,1,2,2,0.1,52.0,0,4.0,1.0,0.5,71.4,1
144,Di29,TriI,CN(CCCN)CCCN,O=Cc1cc(C=O)c(O)c(C=O)c1,1,3,2,-0.9,55.3,0,4.0,1.0,0.5,71.4,1
145,Di30,TriI,NCCOCCN,O=Cc1cc(C=O)c(O)c(C=O)c1,1,3,2,-1.8,61.3,0,4.0,1.0,0.5,71.4,1
146,Di31,TriI,NCC1=CC(CN)=CC=C1,O=Cc1cc(C=O)c(O)c(C=O)c1,1,2,2,-0.3,52.0,1,4.0,1.0,0.5,71.4,1
147,Di32,TriI,NCC(CN)O,O=Cc1cc(C=O)c(O)c(C=O)c1,0,3,3,-2.3,72.3,0,4.0,1.0,0.5,71.4,1
148,Di33,TriI,NCCCC[C@H](N)C(=O)O,O=Cc1cc(C=O)c(O)c(C=O)c1,1,4,3,-3.0,89.3,0,4.0,1.0,0.5,71.4,1
149,Di34,TriI,N[C@H]1CC[C@H](N)CC1,O=Cc1cc(C=O)c(O)c(C=O)c1,1,2,2,-0.3,52.0,0,4.0,1.0,0.5,71.4,1
150,Di17,TriJ,NCCN,O=Cc1ccc(N(c2ccc(C=O)cc2)c2ccc(C=O)cc2)cc1,0,2,2,-2.0,52.0,0,4.0,0.0,3.5,54.4,3
151,Di18,TriJ,CC(C)(CN)CN,O=Cc1ccc(N(c2ccc(C=O)cc2)c2ccc(C=O)cc2)cc1,0,2,2,-0.5,52.0,0,4.0,0.0,3.5,54.4,3
152,Di19,TriJ,N[C@H]1CN(Cc2ccccc2)C[C@@H]1N,O=Cc1ccc(N(c2ccc(C=O)cc2)c2ccc(C=O)cc2)cc1,0,3,2,-0.2,55.3,1,4.0,0.0,3.5,54.4,3
153,Di20,TriJ,N[C@H]([C@H](C1=CC=CC=C1)N)C2=CC=CC=C2,O=Cc1ccc(N(c2ccc(C=O)cc2)c2ccc(C=O)cc2)cc1,0,2,2,1.4,52.0,2,4.0,0.0,3.5,54.4,3
154,Di21,TriJ,Nc1ccc(Oc2ccc(N)cc2)cc1,O=Cc1ccc(N(c2ccc(C=O)cc2)c2ccc(C=O)cc2)cc1,0,3,2,1.4,61.3,2,4.0,0.0,3.5,54.4,3
155,Di22,TriJ,NC1=NON=C1N,O=Cc1ccc(N(c2ccc(C=O)cc2)c2ccc(C=O)cc2)cc1,0,5,2,-0.5,91.0,1,4.0,0.0,3.5,54.4,3
156,Di23,TriJ,N[C@H]1CCC[C@H](C1)N,O=Cc1ccc(N(c2ccc(C=O)cc2)c2ccc(C=O)cc2)cc1,0,2,2,-0.3,52.0,0,4.0,0.0,3.5,54.4,3
157,Di24,TriJ,N[C@@H]1[C@H](CCCC1)N,O=Cc1ccc(N(c2ccc(C=O)cc2)c2ccc(C=O)cc2)cc1,0,2,2,-0.3,52.0,0,4.0,0.0,3.5,54.4,3
158,Di25,TriJ,NCCCCCCNCCCCCCN,O=Cc1ccc(N(c2ccc(C=O)cc2)c2ccc(C=O)cc2)cc1,1,3,3,0.8,64.1,0,4.0,0.0,3.5,54.4,3
159,Di26,TriJ,NCCCCCCN,O=Cc1ccc(N(c2ccc(C=O)cc2)c2ccc(C=O)cc2)cc1,1,2,2,-0.2,52.0,0,4.0,0.0,3.5,54.4,3
160,Di27,TriJ,NCc1ccc(CN)cc1,O=Cc1ccc(N(c2ccc(C=O)cc2)c2ccc(C=O)cc2)cc1,1,2,2,-0.4,52.0,1,4.0,0.0,3.5,54.4,3
161,Di28,TriJ,NCC1CCC(CN)CC1,O=Cc1ccc(N(c2ccc(C=O)cc2)c2ccc(C=O)cc2)cc1,1,2,2,0.1,52.0,0,4.0,0.0,3.5,54.4,3
162,Di29,TriJ,CN(CCCN)CCCN,O=Cc1ccc(N(c2ccc(C=O)cc2)c2ccc(C=O)cc2)cc1,1,3,2,-0.9,55.3,0,4.0,0.0,3.5,54.4,3
163,Di30,TriJ,NCCOCCN,O=Cc1ccc(N(c2ccc(C=O)cc2)c2ccc(C=O)cc2)cc1,1,3,2,-1.8,61.3,0,4.0,0.0,3.5,54.4,3
164,Di31,TriJ,NCC1=CC(CN)=CC=C1,O=Cc1ccc(N(c2ccc(C=O)cc2)c2ccc(C=O)cc2)cc1,1,2,2,-0.3,52.0,1,4.0,0.0,3.5,54.4,3
165,Di32,TriJ,NCC(CN)O,O=Cc1ccc(N(c2ccc(C=O)cc2)c2ccc(C=O)cc2)cc1,1,3,3,-2.3,72.3,0,4.0,0.0,3.5,54.4,3
166,Di33,TriJ,NCCCC[C@H](N)C(=O)O,O=Cc1ccc(N(c2ccc(C=O)cc2)c2ccc(C=O)cc2)cc1,1,4,3,-3.0,89.3,0,4.0,0.0,3.5,54.4,3
167,Di34,TriJ,N[C@H]1CC[C@H](N)CC1,O=Cc1ccc(N(c2ccc(C=O)cc2)c2ccc(C=O)cc2)cc1,1,2,2,-0.3,52.0,0,4.0,0.0,3.5,54.4,3
168,Di17,TriK,NCCN,O=Cc1ccc(-c2nc(-c3ccc(C=O)cc3)nc(-c3ccc(C=O)cc3)n2)cc1,0,2,2,-2.0,52.0,0,6.0,0.0,3.3,89.9,4
169,Di18,TriK,CC(C)(CN)CN,O=Cc1ccc(-c2nc(-c3ccc(C=O)cc3)nc(-c3ccc(C=O)cc3)n2)cc1,0,2,2,-0.5,52.0,0,6.0,0.0,3.3,89.9,4
170,Di19,TriK,N[C@H]1CN(Cc2ccccc2)C[C@@H]1N,O=Cc1ccc(-c2nc(-c3ccc(C=O)cc3)nc(-c3ccc(C=O)cc3)n2)cc1,0,3,2,-0.2,55.3,1,6.0,0.0,3.3,89.9,4
171,Di20,TriK,N[C@H]([C@H](C1=CC=CC=C1)N)C2=CC=CC=C2,O=Cc1ccc(-c2nc(-c3ccc(C=O)cc3)nc(-c3ccc(C=O)cc3)n2)cc1,0,2,2,1.4,52.0,2,6.0,0.0,3.3,89.9,4
172,Di21,TriK,Nc1ccc(Oc2ccc(N)cc2)cc1,O=Cc1ccc(-c2nc(-c3ccc(C=O)cc3)nc(-c3ccc(C=O)cc3)n2)cc1,0,3,2,1.4,61.3,2,6.0,0.0,3.3,89.9,4
173,Di22,TriK,NC1=NON=C1N,O=Cc1ccc(-c2nc(-c3ccc(C=O)cc3)nc(-c3ccc(C=O)cc3)n2)cc1,0,5,2,-0.5,91.0,1,6.0,0.0,3.3,89.9,4
174,Di23,TriK,N[C@H]1CCC[C@H](C1)N,O=Cc1ccc(-c2nc(-c3ccc(C=O)cc3)nc(-c3ccc(C=O)cc3)n2)cc1,0,2,2,-0.3,52.0,0,6.0,0.0,3.3,89.9,4
175,Di24,TriK,N[C@@H]1[C@H](CCCC1)N,O=Cc1ccc(-c2nc(-c3ccc(C=O)cc3)nc(-c3ccc(C=O)cc3)n2)cc1,0,2,2,-0.3,52.0,0,6.0,0.0,3.3,89.9,4
176,Di25,TriK,NCCCCCCNCCCCCCN,O=Cc1ccc(-c2nc(-c3ccc(C=O)cc3)nc(-c3ccc(C=O)cc3)n2)cc1,1,3,3,0.8,64.1,0,6.0,0.0,3.3,89.9,4
177,Di26,TriK,NCCCCCCN,O=Cc1ccc(-c2nc(-c3ccc(C=O)cc3)nc(-c3ccc(C=O)cc3)n2)cc1,1,2,2,-0.2,52.0,0,6.0,0.0,3.3,89.9,4
178,Di27,TriK,NCc1ccc(CN)cc1,O=Cc1ccc(-c2nc(-c3ccc(C=O)cc3)nc(-c3ccc(C=O)cc3)n2)cc1,0,2,2,-0.4,52.0,1,6.0,0.0,3.3,89.9,4
179,Di28,TriK,NCC1CCC(CN)CC1,O=Cc1ccc(-c2nc(-c3ccc(C=O)cc3)nc(-c3ccc(C=O)cc3)n2)cc1,0,2,2,0.1,52.0,0,6.0,0.0,3.3,89.9,4
180,Di29,TriK,CN(CCCN)CCCN,O=Cc1ccc(-c2nc(-c3ccc(C=O)cc3)nc(-c3ccc(C=O)cc3)n2)cc1,1,3,2,-0.9,55.3,0,6.0,0.0,3.3,89.9,4
181,Di30,TriK,NCCOCCN,O=Cc1ccc(-c2nc(-c3ccc(C=O)cc3)nc(-c3ccc(C=O)cc3)n2)cc1,1,3,2,-1.8,61.3,0,6.0,0.0,3.3,89.9,4
182,Di31,TriK,NCC1=CC(CN)=CC=C1,O=Cc1ccc(-c2nc(-c3ccc(C=O)cc3)nc(-c3ccc(C=O)cc3)n2)cc1,1,2,2,-0.3,52.0,1,6.0,0.0,3.3,89.9,4
183,Di32,TriK,NCC(CN)O,O=Cc1ccc(-c2nc(-c3ccc(C=O)cc3)nc(-c3ccc(C=O)cc3)n2)cc1,1,3,3,-2.3,72.3,0,6.0,0.0,3.3,89.9,4
184,Di33,TriK,NCCCC[C@H](N)C(=O)O,O=Cc1ccc(-c2nc(-c3ccc(C=O)cc3)nc(-c3ccc(C=O)cc3)n2)cc1,1,4,3,-3.0,89.3,0,6.0,0.0,3.3,89.9,4
185,Di34,TriK,N[C@H]1CC[C@H](N)CC1,O=Cc1ccc(-c2nc(-c3ccc(C=O)cc3)nc(-c3ccc(C=O)cc3)n2)cc1,1,2,2,-0.3,52.0,0,6.0,0.0,3.3,89.9,4
186,Di17,TriL,NCCN,O=Cc1ccc(C#Cc2cc(C#Cc3ccc(C=O)cc3)cc(C#Cc3ccc(C=O)cc3)c2)cc1,0,2,2,-2.0,52.0,0,3.0,0.0,6.4,51.2,4
187,Di18,TriL,CC(C)(CN)CN,O=Cc1ccc(C#Cc2cc(C#Cc3ccc(C=O)cc3)cc(C#Cc3ccc(C=O)cc3)c2)cc1,0,2,2,-0.5,52.0,0,3.0,0.0,6.4,51.2,4
188,Di19,TriL,N[C@H]1CN(Cc2ccccc2)C[C@@H]1N,O=Cc1ccc(C#Cc2cc(C#Cc3ccc(C=O)cc3)cc(C#Cc3ccc(C=O)cc3)c2)cc1,0,3,2,-0.2,55.3,1,3.0,0.0,6.4,51.2,4
189,Di20,TriL,N[C@H]([C@H](C1=CC=CC=C1)N)C2=CC=CC=C2,O=Cc1ccc(C#Cc2cc(C#Cc3ccc(C=O)cc3)cc(C#Cc3ccc(C=O)cc3)c2)cc1,0,2,2,1.4,52.0,2,3.0,0.0,6.4,51.2,4
190,Di21,TriL,Nc1ccc(Oc2ccc(N)cc2)cc1,O=Cc1ccc(C#Cc2cc(C#Cc3ccc(C=O)cc3)cc(C#Cc3ccc(C=O)cc3)c2)cc1,0,3,2,1.4,61.3,2,3.0,0.0,6.4,51.2,4
191,Di22,TriL,NC1=NON=C1N,O=Cc1ccc(C#Cc2cc(C#Cc3ccc(C=O)cc3)cc(C#Cc3ccc(C=O)cc3)c2)cc1,0,5,2,-0.5,91.0,1,3.0,0.0,6.4,51.2,4
192,Di23,TriL,N[C@H]1CCC[C@H](C1)N,O=Cc1ccc(C#Cc2cc(C#Cc3ccc(C=O)cc3)cc(C#Cc3ccc(C=O)cc3)c2)cc1,0,2,2,-0.3,52.0,0,3.0,0.0,6.4,51.2,4
193,Di24,TriL,N[C@@H]1[C@H](CCCC1)N,O=Cc1ccc(C#Cc2cc(C#Cc3ccc(C=O)cc3)cc(C#Cc3ccc(C=O)cc3)c2)cc1,0,2,2,-0.3,52.0,0,3.0,0.0,6.4,51.2,4
194,Di25,TriL,NCCCCCCNCCCCCCN,O=Cc1ccc(C#Cc2cc(C#Cc3ccc(C=O)cc3)cc(C#Cc3ccc(C=O)cc3)c2)cc1,1,3,3,0.8,64.1,0,3.0,0.0,6.4,51.2,4
195,Di26,TriL,NCCCCCCN,O=Cc1ccc(C#Cc2cc(C#Cc3ccc(C=O)cc3)cc(C#Cc3ccc(C=O)cc3)c2)cc1,1,2,2,-0.2,52.0,0,3.0,0.0,6.4,51.2,4
196,Di27,TriL,NCc1ccc(CN)cc1,O=Cc1ccc(C#Cc2cc(C#Cc3ccc(C=O)cc3)cc(C#Cc3ccc(C=O)cc3)c2)cc1,0,2,2,-0.4,52.0,1,3.0,0.0,6.4,51.2,4
197,Di28,TriL,NCC1CCC(CN)CC1,O=Cc1ccc(C#Cc2cc(C#Cc3ccc(C=O)cc3)cc(C#Cc3ccc(C=O)cc3)c2)cc1,1,2,2,0.1,52.0,0,3.0,0.0,6.4,51.2,4
198,Di29,TriL,CN(CCCN)CCCN,O=Cc1ccc(C#Cc2cc(C#Cc3ccc(C=O)cc3)cc(C#Cc3ccc(C=O)cc3)c2)cc1,1,3,2,-0.9,55.3,0,3.0,0.0,6.4,51.2,4
199,Di30,TriL,NCCOCCN,O=Cc1ccc(C#Cc2cc(C#Cc3ccc(C=O)cc3)cc(C#Cc3ccc(C=O)cc3)c2)cc1,1,3,2,-1.8,61.3,0,3.0,0.0,6.4,51.2,4
200,Di31,TriL,NCC1=CC(CN)=CC=C1,O=Cc1ccc(C#Cc2cc(C#Cc3ccc(C=O)cc3)cc(C#Cc3ccc(C=O)cc3)c2)cc1,0,2,2,-0.3,52.0,1,3.0,0.0,6.4,51.2,4
201,Di32,TriL,NCC(CN)O,O=Cc1ccc(C#Cc2cc(C#Cc3ccc(C=O)cc3)cc(C#Cc3ccc(C=O)cc3)c2)cc1,1,3,3,-2.3,72.3,0,3.0,0.0,6.4,51.2,4
202,Di33,TriL,NCCCC[C@H](N)C(=O)O,O=Cc1ccc(C#Cc2cc(C#Cc3ccc(C=O)cc3)cc(C#Cc3ccc(C=O)cc3)c2)cc1,1,4,3,-3.0,89.3,0,3.0,0.0,6.4,51.2,4
203,Di34,TriL,N[C@H]1CC[C@H](N)CC1,O=Cc1ccc(C#Cc2cc(C#Cc3ccc(C=O)cc3)cc(C#Cc3ccc(C=O)cc3)c2)cc1,1,2,2,-0.3,52.0,0,3.0,0.0,6.4,51.2,4
204,Di17,TriM,NCCN,O=Cc1cccc(-c2cc(-c3cccc(C=O)c3)cc(-c3cccc(C=O)c3)c2)c1,0,2,2,-2.0,52.0,0,3.0,0.0,5.2,51.2,4
205,Di18,TriM,CC(C)(CN)CN,O=Cc1cccc(-c2cc(-c3cccc(C=O)c3)cc(-c3cccc(C=O)c3)c2)c1,1,2,2,-0.5,52.0,0,3.0,0.0,5.2,51.2,4
206,Di19,TriM,N[C@H]1CN(Cc2ccccc2)C[C@@H]1N,O=Cc1cccc(-c2cc(-c3cccc(C=O)c3)cc(-c3cccc(C=O)c3)c2)c1,0,3,2,-0.2,55.3,1,3.0,0.0,5.2,51.2,4
207,Di20,TriM,N[C@H]([C@H](C1=CC=CC=C1)N)C2=CC=CC=C2,O=Cc1cccc(-c2cc(-c3cccc(C=O)c3)cc(-c3cccc(C=O)c3)c2)c1,1,2,2,1.4,52.0,2,3.0,0.0,5.2,51.2,4
208,Di21,TriM,Nc1ccc(Oc2ccc(N)cc2)cc1,O=Cc1cccc(-c2cc(-c3cccc(C=O)c3)cc(-c3cccc(C=O)c3)c2)c1,0,3,2,1.4,61.3,2,3.0,0.0,5.2,51.2,4
209,Di22,TriM,NC1=NON=C1N,O=Cc1cccc(-c2cc(-c3cccc(C=O)c3)cc(-c3cccc(C=O)c3)c2)c1,0,5,2,-0.5,91.0,1,3.0,0.0,5.2,51.2,4
210,Di23,TriM,N[C@H]1CCC[C@H](C1)N,O=Cc1cccc(-c2cc(-c3cccc(C=O)c3)cc(-c3cccc(C=O)c3)c2)c1,0,2,2,-0.3,52.0,0,3.0,0.0,5.2,51.2,4
211,Di24,TriM,N[C@@H]1[C@H](CCCC1)N,O=Cc1cccc(-c2cc(-c3cccc(C=O)c3)cc(-c3cccc(C=O)c3)c2)c1,1,2,2,-0.3,52.0,0,3.0,0.0,5.2,51.2,4
212,Di25,TriM,NCCCCCCNCCCCCCN,O=Cc1cccc(-c2cc(-c3cccc(C=O)c3)cc(-c3cccc(C=O)c3)c2)c1,1,3,3,0.8,64.1,0,3.0,0.0,5.2,51.2,4
213,Di26,TriM,NCCCCCCN,O=Cc1cccc(-c2cc(-c3cccc(C=O)c3)cc(-c3cccc(C=O)c3)c2)c1,1,2,2,-0.2,52.0,0,3.0,0.0,5.2,51.2,4
214,Di27,TriM,NCc1ccc(CN)cc1,O=Cc1cccc(-c2cc(-c3cccc(C=O)c3)cc(-c3cccc(C=O)c3)c2)c1,1,2,2,-0.4,52.0,1,3.0,0.0,5.2,51.2,4
215,Di28,TriM,NCC1CCC(CN)CC1,O=Cc1cccc(-c2cc(-c3cccc(C=O)c3)cc(-c3cccc(C=O)c3)c2)c1,1,2,2,0.1,52.0,0,3.0,0.0,5.2,51.2,4
216,Di29,TriM,CN(CCCN)CCCN,O=Cc1cccc(-c2cc(-c3cccc(C=O)c3)cc(-c3cccc(C=O)c3)c2)c1,1,3,2,-0.9,55.3,0,3.0,0.0,5.2,51.2,4
217,Di30,TriM,NCCOCCN,O=Cc1cccc(-c2cc(-c3cccc(C=O)c3)cc(-c3cccc(C=O)c3)c2)c1,1,3,2,-1.8,61.3,0,3.0,0.0,5.2,51.2,4
218,Di31,TriM,NCC1=CC(CN)=CC=C1,O=Cc1cccc(-c2cc(-c3cccc(C=O)c3)cc(-c3cccc(C=O)c3)c2)c1,1,2,2,-0.3,52.0,1,3.0,0.0,5.2,51.2,4
219,Di32,TriM,NCC(CN)O,O=Cc1cccc(-c2cc(-c3cccc(C=O)c3)cc(-c3cccc(C=O)c3)c2)c1,1,3,3,-2.3,72.3,0,3.0,0.0,5.2,51.2,4
220,Di33,TriM,NCCCC[C@H](N)C(=O)O,O=Cc1cccc(-c2cc(-c3cccc(C=O)c3)cc(-c3cccc(C=O)c3)c2)c1,1,4,3,-3.0,89.3,0,3.0,0.0,5.2,51.2,4
221,Di34,TriM,N[C@H]1CC[C@H](N)CC1,O=Cc1cccc(-c2cc(-c3cccc(C=O)c3)cc(-c3cccc(C=O)c3)c2)c1,1,2,2,-0.3,52.0,0,3.0,0.0,5.2,51.2,4
222,Di17,TriN,NCCN,O=Cc1ccccc1-c1cc(-c2ccccc2C=O)cc(-c2ccccc2C=O)c1,0,2,2,-2.0,52.0,0,3.0,0.0,5.2,51.2,4
223,Di18,TriN,CC(C)(CN)CN,O=Cc1ccccc1-c1cc(-c2ccccc2C=O)cc(-c2ccccc2C=O)c1,1,2,2,-0.5,52.0,0,3.0,0.0,5.2,51.2,4
224,Di19,TriN,N[C@H]1CN(Cc2ccccc2)C[C@@H]1N,O=Cc1ccccc1-c1cc(-c2ccccc2C=O)cc(-c2ccccc2C=O)c1,1,3,2,-0.2,55.3,1,3.0,0.0,5.2,51.2,4
225,Di20,TriN,N[C@H]([C@H](C1=CC=CC=C1)N)C2=CC=CC=C2,O=Cc1ccccc1-c1cc(-c2ccccc2C=O)cc(-c2ccccc2C=O)c1,1,2,2,1.4,52.0,2,3.0,0.0,5.2,51.2,4
226,Di21,TriN,Nc1ccc(Oc2ccc(N)cc2)cc1,O=Cc1ccccc1-c1cc(-c2ccccc2C=O)cc(-c2ccccc2C=O)c1,1,3,2,1.4,61.3,2,3.0,0.0,5.2,51.2,4
227,Di22,TriN,NC1=NON=C1N,O=Cc1ccccc1-c1cc(-c2ccccc2C=O)cc(-c2ccccc2C=O)c1,0,5,2,-0.5,91.0,1,3.0,0.0,5.2,51.2,4
228,Di23,TriN,N[C@H]1CCC[C@H](C1)N,O=Cc1ccccc1-c1cc(-c2ccccc2C=O)cc(-c2ccccc2C=O)c1,0,2,2,-0.3,52.0,0,3.0,0.0,5.2,51.2,4
229,Di24,TriN,N[C@@H]1[C@H](CCCC1)N,O=Cc1ccccc1-c1cc(-c2ccccc2C=O)cc(-c2ccccc2C=O)c1,1,2,2,-0.3,52.0,0,3.0,0.0,5.2,51.2,4
230,Di25,TriN,NCCCCCCNCCCCCCN,O=Cc1ccccc1-c1cc(-c2ccccc2C=O)cc(-c2ccccc2C=O)c1,1,3,3,0.8,64.1,0,3.0,0.0,5.2,51.2,4
231,Di26,TriN,NCCCCCCN,O=Cc1ccccc1-c1cc(-c2ccccc2C=O)cc(-c2ccccc2C=O)c1,1,2,2,-0.2,52.0,0,3.0,0.0,5.2,51.2,4
232,Di27,TriN,NCc1ccc(CN)cc1,O=Cc1ccccc1-c1cc(-c2ccccc2C=O)cc(-c2ccccc2C=O)c1,1,2,2,-0.4,52.0,1,3.0,0.0,5.2,51.2,4
233,Di28,TriN,NCC1CCC(CN)CC1,O=Cc1ccccc1-c1cc(-c2ccccc2C=O)cc(-c2ccccc2C=O)c1,1,2,2,0.1,52.0,0,3.0,0.0,5.2,51.2,4
234,Di29,TriN,CN(CCCN)CCCN,O=Cc1ccccc1-c1cc(-c2ccccc2C=O)cc(-c2ccccc2C=O)c1,1,3,2,-0.9,55.3,0,3.0,0.0,5.2,51.2,4
235,Di30,TriN,NCCOCCN,O=Cc1ccccc1-c1cc(-c2ccccc2C=O)cc(-c2ccccc2C=O)c1,1,3,2,-1.8,61.3,0,3.0,0.0,5.2,51.2,4
236,Di31,TriN,NCC1=CC(CN)=CC=C1,O=Cc1ccccc1-c1cc(-c2ccccc2C=O)cc(-c2ccccc2C=O)c1,1,2,2,-0.3,52.0,1,3.0,0.0,5.2,51.2,4
237,Di32,TriN,NCC(CN)O,O=Cc1ccccc1-c1cc(-c2ccccc2C=O)cc(-c2ccccc2C=O)c1,1,3,3,-2.3,72.3,0,3.0,0.0,5.2,51.2,4
238,Di33,TriN,NCCCC[C@H](N)C(=O)O,O=Cc1ccccc1-c1cc(-c2ccccc2C=O)cc(-c2ccccc2C=O)c1,1,4,3,-3.0,89.3,0,3.0,0.0,5.2,51.2,4
239,Di34,TriN,N[C@H]1CC[C@H](N)CC1,O=Cc1ccccc1-c1cc(-c2ccccc2C=O)cc(-c2ccccc2C=O)c1,1,2,2,-0.3,52.0,0,3.0,0.0,5.2,51.2,4
240,Di17,TriO,NCCN,O=Cc1cc(-c2cc(-c3csc(C=O)c3)cc(-c3csc(C=O)c3)c2)cs1,0,2,2,-2.0,52.0,0,6.0,0.0,5.2,136.0,4
241,Di18,TriO,CC(C)(CN)CN,O=Cc1cc(-c2cc(-c3csc(C=O)c3)cc(-c3csc(C=O)c3)c2)cs1,0,2,2,-0.5,52.0,0,6.0,0.0,5.2,136.0,4
242,Di19,TriO,N[C@H]1CN(Cc2ccccc2)C[C@@H]1N,O=Cc1cc(-c2cc(-c3csc(C=O)c3)cc(-c3csc(C=O)c3)c2)cs1,0,3,2,-0.2,55.3,1,6.0,0.0,5.2,136.0,4
243,Di20,TriO,N[C@H]([C@H](C1=CC=CC=C1)N)C2=CC=CC=C2,O=Cc1cc(-c2cc(-c3csc(C=O)c3)cc(-c3csc(C=O)c3)c2)cs1,1,2,2,1.4,52.0,2,6.0,0.0,5.2,136.0,4
244,Di21,TriO,Nc1ccc(Oc2ccc(N)cc2)cc1,O=Cc1cc(-c2cc(-c3csc(C=O)c3)cc(-c3csc(C=O)c3)c2)cs1,0,3,2,1.4,61.3,2,6.0,0.0,5.2,136.0,4
245,Di22,TriO,NC1=NON=C1N,O=Cc1cc(-c2cc(-c3csc(C=O)c3)cc(-c3csc(C=O)c3)c2)cs1,0,5,2,-0.5,91.0,1,6.0,0.0,5.2,136.0,4
246,Di23,TriO,N[C@H]1CCC[C@H](C1)N,O=Cc1cc(-c2cc(-c3csc(C=O)c3)cc(-c3csc(C=O)c3)c2)cs1,0,2,2,-0.3,52.0,0,6.0,0.0,5.2,136.0,4
247,Di24,TriO,N[C@@H]1[C@H](CCCC1)N,O=Cc1cc(-c2cc(-c3csc(C=O)c3)cc(-c3csc(C=O)c3)c2)cs1,1,2,2,-0.3,52.0,0,6.0,0.0,5.2,136.0,4
248,Di25,TriO,NCCCCCCNCCCCCCN,O=Cc1cc(-c2cc(-c3csc(C=O)c3)cc(-c3csc(C=O)c3)c2)cs1,1,3,3,0.8,64.1,0,6.0,0.0,5.2,136.0,4
249,Di26,TriO,NCCCCCCN,O=Cc1cc(-c2cc(-c3csc(C=O)c3)cc(-c3csc(C=O)c3)c2)cs1,1,2,2,-0.2,52.0,0,6.0,0.0,5.2,136.0,4
250,Di27,TriO,NCc1ccc(CN)cc1,O=Cc1cc(-c2cc(-c3csc(C=O)c3)cc(-c3csc(C=O)c3)c2)cs1,1,2,2,-0.4,52.0,1,6.0,0.0,5.2,136.0,4
251,Di28,TriO,NCC1CCC(CN)CC1,O=Cc1cc(-c2cc(-c3csc(C=O)c3)cc(-c3csc(C=O)c3)c2)cs1,1,2,2,0.1,52.0,0,6.0,0.0,5.2,136.0,4
252,Di29,TriO,CN(CCCN)CCCN,O=Cc1cc(-c2cc(-c3csc(C=O)c3)cc(-c3csc(C=O)c3)c2)cs1,1,3,2,-0.9,55.3,0,6.0,0.0,5.2,136.0,4
253,Di30,TriO,NCCOCCN,O=Cc1cc(-c2cc(-c3csc(C=O)c3)cc(-c3csc(C=O)c3)c2)cs1,1,3,2,-1.8,61.3,0,6.0,0.0,5.2,136.0,4
254,Di31,TriO,NCC1=CC(CN)=CC=C1,O=Cc1cc(-c2cc(-c3csc(C=O)c3)cc(-c3csc(C=O)c3)c2)cs1,1,2,2,-0.3,52.0,1,6.0,0.0,5.2,136.0,4
255,Di32,TriO,NCC(CN)O,O=Cc1cc(-c2cc(-c3csc(C=O)c3)cc(-c3csc(C=O)c3)c2)cs1,0,3,3,-2.3,72.3,0,6.0,0.0,5.2,136.0,4
256,Di33,TriO,NCCCC[C@H](N)C(=O)O,O=Cc1cc(-c2cc(-c3csc(C=O)c3)cc(-c3csc(C=O)c3)c2)cs1,1,4,3,-3.0,89.3,0,6.0,0.0,5.2,136.0,4
257,Di34,TriO,N[C@H]1CC[C@H](N)CC1,O=Cc1cc(-c2cc(-c3csc(C=O)c3)cc(-c3csc(C=O)c3)c2)cs1,1,2,2,-0.3,52.0,0,6.0,0.0,5.2,136.0,4
258,Di17,TriP,NCCN,O=Cc1ccc(-c2cc(-c3ccc(C=O)o3)cc(-c3ccc(C=O)o3)c2)o1,0,2,2,-2.0,52.0,0,6.0,0.0,3.5,90.6,4
259,Di18,TriP,CC(C)(CN)CN,O=Cc1ccc(-c2cc(-c3ccc(C=O)o3)cc(-c3ccc(C=O)o3)c2)o1,0,2,2,-0.5,52.0,0,6.0,0.0,3.5,90.6,4
260,Di19,TriP,N[C@H]1CN(Cc2ccccc2)C[C@@H]1N,O=Cc1ccc(-c2cc(-c3ccc(C=O)o3)cc(-c3ccc(C=O)o3)c2)o1,0,3,2,-0.2,55.3,1,6.0,0.0,3.5,90.6,4
261,Di20,TriP,N[C@H]([C@H](C1=CC=CC=C1)N)C2=CC=CC=C2,O=Cc1ccc(-c2cc(-c3ccc(C=O)o3)cc(-c3ccc(C=O)o3)c2)o1,0,2,2,1.4,52.0,2,6.0,0.0,3.5,90.6,4
262,Di21,TriP,Nc1ccc(Oc2ccc(N)cc2)cc1,O=Cc1ccc(-c2cc(-c3ccc(C=O)o3)cc(-c3ccc(C=O)o3)c2)o1,0,3,2,1.4,61.3,2,6.0,0.0,3.5,90.6,4
263,Di22,TriP,NC1=NON=C1N,O=Cc1ccc(-c2cc(-c3ccc(C=O)o3)cc(-c3ccc(C=O)o3)c2)o1,0,5,2,-0.5,91.0,1,6.0,0.0,3.5,90.6,4
264,Di23,TriP,N[C@H]1CCC[C@H](C1)N,O=Cc1ccc(-c2cc(-c3ccc(C=O)o3)cc(-c3ccc(C=O)o3)c2)o1,0,2,2,-0.3,52.0,0,6.0,0.0,3.5,90.6,4
265,Di24,TriP,N[C@@H]1[C@H](CCCC1)N,O=Cc1ccc(-c2cc(-c3ccc(C=O)o3)cc(-c3ccc(C=O)o3)c2)o1,1,2,2,-0.3,52.0,0,6.0,0.0,3.5,90.6,4
266,Di25,TriP,NCCCCCCNCCCCCCN,O=Cc1ccc(-c2cc(-c3ccc(C=O)o3)cc(-c3ccc(C=O)o3)c2)o1,1,3,3,0.8,64.1,0,6.0,0.0,3.5,90.6,4
267,Di26,TriP,NCCCCCCN,O=Cc1ccc(-c2cc(-c3ccc(C=O)o3)cc(-c3ccc(C=O)o3)c2)o1,1,2,2,-0.2,52.0,0,6.0,0.0,3.5,90.6,4
268,Di27,TriP,NCc1ccc(CN)cc1,O=Cc1ccc(-c2cc(-c3ccc(C=O)o3)cc(-c3ccc(C=O)o3)c2)o1,1,2,2,-0.4,52.0,1,6.0,0.0,3.5,90.6,4
269,Di28,TriP,NCC1CCC(CN)CC1,O=Cc1ccc(-c2cc(-c3ccc(C=O)o3)cc(-c3ccc(C=O)o3)c2)o1,1,2,2,0.1,52.0,0,6.0,0.0,3.5,90.6,4
270,Di29,TriP,CN(CCCN)CCCN,O=Cc1ccc(-c2cc(-c3ccc(C=O)o3)cc(-c3ccc(C=O)o3)c2)o1,1,3,2,-0.9,55.3,0,6.0,0.0,3.5,90.6,4
271,Di30,TriP,NCCOCCN,O=Cc1ccc(-c2cc(-c3ccc(C=O)o3)cc(-c3ccc(C=O)o3)c2)o1,1,3,2,-1.8,61.3,0,6.0,0.0,3.5,90.6,4
272,Di31,TriP,NCC1=CC(CN)=CC=C1,O=Cc1ccc(-c2cc(-c3ccc(C=O)o3)cc(-c3ccc(C=O)o3)c2)o1,1,2,2,-0.3,52.0,1,6.0,0.0,3.5,90.6,4
273,Di32,TriP,NCC(CN)O,O=Cc1ccc(-c2cc(-c3ccc(C=O)o3)cc(-c3ccc(C=O)o3)c2)o1,0,3,3,-2.3,72.3,0,6.0,0.0,3.5,90.6,4
274,Di33,TriP,NCCCC[C@H](N)C(=O)O,O=Cc1ccc(-c2cc(-c3ccc(C=O)o3)cc(-c3ccc(C=O)o3)c2)o1,1,4,3,-3.0,89.3,0,6.0,0.0,3.5,90.6,4
275,Di34,TriP,N[C@H]1CC[C@H](N)CC1,O=Cc1ccc(-c2cc(-c3ccc(C=O)o3)cc(-c3ccc(C=O)o3)c2)o1,1,2,2,-0.3,52.0,0,6.0,0.0,3.5,90.6,4
276,Di17,TriR,NCCN,O=Cc1ccc(OCc2cc(COc3ccc(C=O)cc3)cc(COc3ccc(C=O)cc3)c2)cc1,1,2,2,-2.0,52.0,0,6.0,0.0,4.7,78.9,4
277,Di18,TriR,CC(C)(CN)CN,O=Cc1ccc(OCc2cc(COc3ccc(C=O)cc3)cc(COc3ccc(C=O)cc3)c2)cc1,1,2,2,-0.5,52.0,0,6.0,0.0,4.7,78.9,4
278,Di19,TriR,N[C@H]1CN(Cc2ccccc2)C[C@@H]1N,O=Cc1ccc(OCc2cc(COc3ccc(C=O)cc3)cc(COc3ccc(C=O)cc3)c2)cc1,0,3,2,-0.2,55.3,1,6.0,0.0,4.7,78.9,4
279,Di20,TriR,N[C@H]([C@H](C1=CC=CC=C1)N)C2=CC=CC=C2,O=Cc1ccc(OCc2cc(COc3ccc(C=O)cc3)cc(COc3ccc(C=O)cc3)c2)cc1,1,2,2,1.4,52.0,2,6.0,0.0,4.7,78.9,4
280,Di21,TriR,Nc1ccc(Oc2ccc(N)cc2)cc1,O=Cc1ccc(OCc2cc(COc3ccc(C=O)cc3)cc(COc3ccc(C=O)cc3)c2)cc1,0,3,2,1.4,61.3,2,6.0,0.0,4.7,78.9,4
281,Di22,TriR,NC1=NON=C1N,O=Cc1ccc(OCc2cc(COc3ccc(C=O)cc3)cc(COc3ccc(C=O)cc3)c2)cc1,1,5,2,-0.5,91.0,1,6.0,0.0,4.7,78.9,4
282,Di23,TriR,N[C@H]1CCC[C@H](C1)N,O=Cc1ccc(OCc2cc(COc3ccc(C=O)cc3)cc(COc3ccc(C=O)cc3)c2)cc1,1,2,2,-0.3,52.0,0,6.0,0.0,4.7,78.9,4
283,Di24,TriR,N[C@@H]1[C@H](CCCC1)N,O=Cc1ccc(OCc2cc(COc3ccc(C=O)cc3)cc(COc3ccc(C=O)cc3)c2)cc1,1,2,2,-0.3,52.0,0,6.0,0.0,4.7,78.9,4
284,Di25,TriR,NCCCCCCNCCCCCCN,O=Cc1ccc(OCc2cc(COc3ccc(C=O)cc3)cc(COc3ccc(C=O)cc3)c2)cc1,1,3,3,0.8,64.1,0,6.0,0.0,4.7,78.9,4
285,Di26,TriR,NCCCCCCN,O=Cc1ccc(OCc2cc(COc3ccc(C=O)cc3)cc(COc3ccc(C=O)cc3)c2)cc1,1,2,2,-0.2,52.0,0,6.0,0.0,4.7,78.9,4
286,Di27,TriR,NCc1ccc(CN)cc1,O=Cc1ccc(OCc2cc(COc3ccc(C=O)cc3)cc(COc3ccc(C=O)cc3)c2)cc1,1,2,2,-0.4,52.0,1,6.0,0.0,4.7,78.9,4
287,Di28,TriR,NCC1CCC(CN)CC1,O=Cc1ccc(OCc2cc(COc3ccc(C=O)cc3)cc(COc3ccc(C=O)cc3)c2)cc1,1,2,2,0.1,52.0,0,6.0,0.0,4.7,78.9,4
288,Di29,TriR,CN(CCCN)CCCN,O=Cc1ccc(OCc2cc(COc3ccc(C=O)cc3)cc(COc3ccc(C=O)cc3)c2)cc1,1,3,2,-0.9,55.3,0,6.0,0.0,4.7,78.9,4
289,Di30,TriR,NCCOCCN,O=Cc1ccc(OCc2cc(COc3ccc(C=O)cc3)cc(COc3ccc(C=O)cc3)c2)cc1,1,3,2,-1.8,61.3,0,6.0,0.0,4.7,78.9,4
290,Di31,TriR,NCC1=CC(CN)=CC=C1,O=Cc1ccc(OCc2cc(COc3ccc(C=O)cc3)cc(COc3ccc(C=O)cc3)c2)cc1,1,2,2,-0.3,52.0,1,6.0,0.0,4.7,78.9,4
291,Di32,TriR,NCC(CN)O,O=Cc1ccc(OCc2cc(COc3ccc(C=O)cc3)cc(COc3ccc(C=O)cc3)c2)cc1,1,3,3,-2.3,72.3,0,6.0,0.0,4.7,78.9,4
292,Di33,TriR,NCCCC[C@H](N)C(=O)O,O=Cc1ccc(OCc2cc(COc3ccc(C=O)cc3)cc(COc3ccc(C=O)cc3)c2)cc1,1,4,3,-3.0,89.3,0,6.0,0.0,4.7,78.9,4
293,Di34,TriR,N[C@H]1CC[C@H](N)CC1,O=Cc1ccc(OCc2cc(COc3ccc(C=O)cc3)cc(COc3ccc(C=O)cc3)c2)cc1,1,2,2,-0.3,52.0,0,6.0,0.0,4.7,78.9,4
294,Di17,TriS,NCCN,O=Cc1ccc(C#Cc2cc(C=O)cc(C=O)c2)cc1,1,2,2,-2.0,52.0,0,3.0,0.0,2.3,51.2,2
295,Di18,TriS,CC(C)(CN)CN,O=Cc1ccc(C#Cc2cc(C=O)cc(C=O)c2)cc1,1,2,2,-0.5,52.0,0,3.0,0.0,2.3,51.2,2
296,Di19,TriS,N[C@H]1CN(Cc2ccccc2)C[C@@H]1N,O=Cc1ccc(C#Cc2cc(C=O)cc(C=O)c2)cc1,1,3,2,-0.2,55.3,1,3.0,0.0,2.3,51.2,2
297,Di20,TriS,N[C@H]([C@H](C1=CC=CC=C1)N)C2=CC=CC=C2,O=Cc1ccc(C#Cc2cc(C=O)cc(C=O)c2)cc1,1,2,2,1.4,52.0,2,3.0,0.0,2.3,51.2,2
298,Di21,TriS,Nc1ccc(Oc2ccc(N)cc2)cc1,O=Cc1ccc(C#Cc2cc(C=O)cc(C=O)c2)cc1,1,3,2,1.4,61.3,2,3.0,0.0,2.3,51.2,2
299,Di22,TriS,NC1=NON=C1N,O=Cc1ccc(C#Cc2cc(C=O)cc(C=O)c2)cc1,1,5,2,-0.5,91.0,1,3.0,0.0,2.3,51.2,2
300,Di23,TriS,N[C@H]1CCC[C@H](C1)N,O=Cc1ccc(C#Cc2cc(C=O)cc(C=O)c2)cc1,1,2,2,-0.3,52.0,0,3.0,0.0,2.3,51.2,2
301,Di24,TriS,N[C@@H]1[C@H](CCCC1)N,O=Cc1ccc(C#Cc2cc(C=O)cc(C=O)c2)cc1,1,2,2,-0.3,52.0,0,3.0,0.0,2.3,51.2,2
302,Di25,TriS,NCCCCCCNCCCCCCN,O=Cc1ccc(C#Cc2cc(C=O)cc(C=O)c2)cc1,1,3,3,0.8,64.1,0,3.0,0.0,2.3,51.2,2
303,Di26,TriS,NCCCCCCN,O=Cc1ccc(C#Cc2cc(C=O)cc(C=O)c2)cc1,1,2,2,-0.2,52.0,0,3.0,0.0,2.3,51.2,2
304,Di27,TriS,NCc1ccc(CN)cc1,O=Cc1ccc(C#Cc2cc(C=O)cc(C=O)c2)cc1,1,2,2,-0.4,52.0,1,3.0,0.0,2.3,51.2,2
305,Di28,TriS,NCC1CCC(CN)CC1,O=Cc1ccc(C#Cc2cc(C=O)cc(C=O)c2)cc1,1,2,2,0.1,52.0,0,3.0,0.0,2.3,51.2,2
306,Di29,TriS,CN(CCCN)CCCN,O=Cc1ccc(C#Cc2cc(C=O)cc(C=O)c2)cc1,1,3,2,-0.9,55.3,0,3.0,0.0,2.3,51.2,2
307,Di30,TriS,NCCOCCN,O=Cc1ccc(C#Cc2cc(C=O)cc(C=O)c2)cc1,1,3,2,-1.8,61.3,0,3.0,0.0,2.3,51.2,2
308,Di31,TriS,NCC1=CC(CN)=CC=C1,O=Cc1ccc(C#Cc2cc(C=O)cc(C=O)c2)cc1,1,2,2,-0.3,52.0,1,3.0,0.0,2.3,51.2,2
309,Di32,TriS,NCC(CN)O,O=Cc1ccc(C#Cc2cc(C=O)cc(C=O)c2)cc1,1,3,3,-2.3,72.3,0,3.0,0.0,2.3,51.2,2
310,Di33,TriS,NCCCC[C@H](N)C(=O)O,O=Cc1ccc(C#Cc2cc(C=O)cc(C=O)c2)cc1,1,4,3,-3.0,89.3,0,3.0,0.0,2.3,51.2,2
311,Di34,TriS,N[C@H]1CC[C@H](N)CC1,O=Cc1ccc(C#Cc2cc(C=O)cc(C=O)c2)cc1,1,2,2,-0.3,52.0,0,3.0,0.0,2.3,51.2,2
312,Di17,TriT,NCCN,O=Cc1c(O)c(C=O)c(O)c(C=O)c1O,0,2,2,-2.0,52.0,0,6.0,3.0,0.9,112.0,1
313,Di18,TriT,CC(C)(CN)CN,O=Cc1c(O)c(C=O)c(O)c(C=O)c1O,1,2,2,-0.5,52.0,0,6.0,3.0,0.9,112.0,1
314,Di19,TriT,N[C@H]1CN(Cc2ccccc2)C[C@@H]1N,O=Cc1c(O)c(C=O)c(O)c(C=O)c1O,1,3,2,-0.2,55.3,1,6.0,3.0,0.9,112.0,1
315,Di20,TriT,N[C@H]([C@H](C1=CC=CC=C1)N)C2=CC=CC=C2,O=Cc1c(O)c(C=O)c(O)c(C=O)c1O,1,2,2,1.4,52.0,2,6.0,3.0,0.9,112.0,1
316,Di21,TriT,Nc1ccc(Oc2ccc(N)cc2)cc1,O=Cc1c(O)c(C=O)c(O)c(C=O)c1O,1,3,2,1.4,61.3,2,6.0,3.0,0.9,112.0,1
317,Di22,TriT,NC1=NON=C1N,O=Cc1c(O)c(C=O)c(O)c(C=O)c1O,1,5,2,-0.5,91.0,1,6.0,3.0,0.9,112.0,1
318,Di23,TriT,N[C@H]1CCC[C@H](C1)N,O=Cc1c(O)c(C=O)c(O)c(C=O)c1O,1,2,2,-0.3,52.0,0,6.0,3.0,0.9,112.0,1
319,Di24,TriT,N[C@@H]1[C@H](CCCC1)N,O=Cc1c(O)c(C=O)c(O)c(C=O)c1O,1,2,2,-0.3,52.0,0,6.0,3.0,0.9,112.0,1
320,Di25,TriT,NCCCCCCNCCCCCCN,O=Cc1c(O)c(C=O)c(O)c(C=O)c1O,1,3,3,0.8,64.1,0,6.0,3.0,0.9,112.0,1
321,Di26,TriT,NCCCCCCN,O=Cc1c(O)c(C=O)c(O)c(C=O)c1O,0,2,2,-0.2,52.0,0,6.0,3.0,0.9,112.0,1
322,Di27,TriT,NCc1ccc(CN)cc1,O=Cc1c(O)c(C=O)c(O)c(C=O)c1O,0,2,2,-0.4,52.0,1,6.0,3.0,0.9,112.0,1
323,Di28,TriT,NCC1CCC(CN)CC1,O=Cc1c(O)c(C=O)c(O)c(C=O)c1O,0,2,2,0.1,52.0,0,6.0,3.0,0.9,112.0,1
324,Di29,TriT,CN(CCCN)CCCN,O=Cc1c(O)c(C=O)c(O)c(C=O)c1O,1,3,2,-0.9,55.3,0,6.0,3.0,0.9,112.0,1
325,Di30,TriT,NCCOCCN,O=Cc1c(O)c(C=O)c(O)c(C=O)c1O,0,3,2,-1.8,61.3,0,6.0,3.0,0.9,112.0,1
326,Di31,TriT,NCC1=CC(CN)=CC=C1,O=Cc1c(O)c(C=O)c(O)c(C=O)c1O,0,2,2,-0.3,52.0,1,6.0,3.0,0.9,112.0,1
327,Di32,TriT,NCC(CN)O,O=Cc1c(O)c(C=O)c(O)c(C=O)c1O,1,3,3,-2.3,72.3,0,6.0,3.0,0.9,112.0,1
328,Di33,TriT,NCCCC[C@H](N)C(=O)O,O=Cc1c(O)c(C=O)c(O)c(C=O)c1O,1,4,3,-3.0,89.3,0,6.0,3.0,0.9,112.0,1
329,Di34,TriT,N[C@H]1CC[C@H](N)CC1,O=Cc1c(O)c(C=O)c(O)c(C=O)c1O,1,2,2,-0.3,52.0,0,6.0,3.0,0.9,112.0,1
330,Di17,TriU,NCCN,C1=CC(=CC=C1/C=C/C2=CC(=CC(=C2)/C=C/C3=CC=C(C=C3)C=O)/C=C/C4=CC=C(C=C4)C=O)C=O,1,2,2,-2.0,52.0,0,3.0,0.0,7.1,51.2,4
331,Di18,TriU,CC(C)(CN)CN,C1=CC(=CC=C1/C=C/C2=CC(=CC(=C2)/C=C/C3=CC=C(C=C3)C=O)/C=C/C4=CC=C(C=C4)C=O)C=O,1,2,2,-0.5,52.0,0,3.0,0.0,7.1,51.2,4
332,Di19,TriU,N[C@H]1CN(Cc2ccccc2)C[C@@H]1N,C1=CC(=CC=C1/C=C/C2=CC(=CC(=C2)/C=C/C3=CC=C(C=C3)C=O)/C=C/C4=CC=C(C=C4)C=O)C=O,0,3,2,-0.2,55.3,1,3.0,0.0,7.1,51.2,4
333,Di20,TriU,N[C@H]([C@H](C1=CC=CC=C1)N)C2=CC=CC=C2,C1=CC(=CC=C1/C=C/C2=CC(=CC(=C2)/C=C/C3=CC=C(C=C3)C=O)/C=C/C4=CC=C(C=C4)C=O)C=O,0,2,2,1.4,52.0,2,3.0,0.0,7.1,51.2,4
334,Di21,TriU,Nc1ccc(Oc2ccc(N)cc2)cc1,C1=CC(=CC=C1/C=C/C2=CC(=CC(=C2)/C=C/C3=CC=C(C=C3)C=O)/C=C/C4=CC=C(C=C4)C=O)C=O,0,3,2,1.4,61.3,2,3.0,0.0,7.1,51.2,4
335,Di22,TriU,NC1=NON=C1N,C1=CC(=CC=C1/C=C/C2=CC(=CC(=C2)/C=C/C3=CC=C(C=C3)C=O)/C=C/C4=CC=C(C=C4)C=O)C=O,0,5,2,-0.5,91.0,1,3.0,0.0,7.1,51.2,4
336,Di23,TriU,N[C@H]1CCC[C@H](C1)N,C1=CC(=CC=C1/C=C/C2=CC(=CC(=C2)/C=C/C3=CC=C(C=C3)C=O)/C=C/C4=CC=C(C=C4)C=O)C=O,0,2,2,-0.3,52.0,0,3.0,0.0,7.1,51.2,4
337,Di24,TriU,N[C@@H]1[C@H](CCCC1)N,C1=CC(=CC=C1/C=C/C2=CC(=CC(=C2)/C=C/C3=CC=C(C=C3)C=O)/C=C/C4=CC=C(C=C4)C=O)C=O,1,2,2,-0.3,52.0,0,3.0,0.0,7.1,51.2,4
338,Di25,TriU,NCCCCCCNCCCCCCN,C1=CC(=CC=C1/C=C/C2=CC(=CC(=C2)/C=C/C3=CC=C(C=C3)C=O)/C=C/C4=CC=C(C=C4)C=O)C=O,1,3,3,0.8,64.1,0,3.0,0.0,7.1,51.2,4
339,Di26,TriU,NCCCCCCN,C1=CC(=CC=C1/C=C/C2=CC(=CC(=C2)/C=C/C3=CC=C(C=C3)C=O)/C=C/C4=CC=C(C=C4)C=O)C=O,1,2,2,-0.2,52.0,0,3.0,0.0,7.1,51.2,4
340,Di27,TriU,NCc1ccc(CN)cc1,C1=CC(=CC=C1/C=C/C2=CC(=CC(=C2)/C=C/C3=CC=C(C=C3)C=O)/C=C/C4=CC=C(C=C4)C=O)C=O,0,2,2,-0.4,52.0,1,3.0,0.0,7.1,51.2,4
341,Di28,TriU,NCC1CCC(CN)CC1,C1=CC(=CC=C1/C=C/C2=CC(=CC(=C2)/C=C/C3=CC=C(C=C3)C=O)/C=C/C4=CC=C(C=C4)C=O)C=O,0,2,2,0.1,52.0,0,3.0,0.0,7.1,51.2,4
342,Di29,TriU,CN(CCCN)CCCN,C1=CC(=CC=C1/C=C/C2=CC(=CC(=C2)/C=C/C3=CC=C(C=C3)C=O)/C=C/C4=CC=C(C=C4)C=O)C=O,1,3,2,-0.9,55.3,0,3.0,0.0,7.1,51.2,4
343,Di30,TriU,NCCOCCN,C1=CC(=CC=C1/C=C/C2=CC(=CC(=C2)/C=C/C3=CC=C(C=C3)C=O)/C=C/C4=CC=C(C=C4)C=O)C=O,1,3,2,-1.8,61.3,0,3.0,0.0,7.1,51.2,4
344,Di31,TriU,NCC1=CC(CN)=CC=C1,C1=CC(=CC=C1/C=C/C2=CC(=CC(=C2)/C=C/C3=CC=C(C=C3)C=O)/C=C/C4=CC=C(C=C4)C=O)C=O,1,2,2,-0.3,52.0,1,3.0,0.0,7.1,51.2,4
345,Di32,TriU,NCC(CN)O,C1=CC(=CC=C1/C=C/C2=CC(=CC(=C2)/C=C/C3=CC=C(C=C3)C=O)/C=C/C4=CC=C(C=C4)C=O)C=O,1,3,3,-2.3,72.3,0,3.0,0.0,7.1,51.2,4
346,Di33,TriU,NCCCC[C@H](N)C(=O)O,C1=CC(=CC=C1/C=C/C2=CC(=CC(=C2)/C=C/C3=CC=C(C=C3)C=O)/C=C/C4=CC=C(C=C4)C=O)C=O,1,4,3,-3.0,89.3,0,3.0,0.0,7.1,51.2,4
347,Di34,TriU,N[C@H]1CC[C@H](N)CC1,C1=CC(=CC=C1/C=C/C2=CC(=CC(=C2)/C=C/C3=CC=C(C=C3)C=O)/C=C/C4=CC=C(C=C4)C=O)C=O,1,2,2,-0.3,52.0,0,3.0,0.0,7.1,51.2,4
